t,x,y,z,clr,ms
0.000,0.0000,0.0000,2.0000,1.6596,0.00
0.040,0.0059,0.0020,2.0000,1.6627,2.81
0.080,0.0420,0.0142,2.0000,1.6429,2.81
0.120,0.1253,0.0433,2.0000,1.5896,2.81
0.160,0.2609,0.0922,2.0000,1.5050,2.81
0.200,0.4443,0.1613,2.0000,1.4028,2.81
0.240,0.4501,0.1656,2.0000,1.4120,2.13
0.280,0.4853,0.1914,2.0000,1.4121,2.13
0.320,0.5675,0.2501,2.0000,1.4018,2.13
0.360,0.7024,0.3438,2.0000,1.3898,2.13
0.400,0.8873,0.4676,2.0000,1.3930,2.13
0.440,0.8932,0.4713,2.0000,1.4075,2.05
0.480,0.9296,0.4936,2.0000,1.4223,2.05
0.520,1.0141,0.5443,2.0000,1.4412,2.05
0.560,1.1523,0.6252,2.0000,1.3577,2.05
0.600,1.3408,0.7320,2.0000,1.2486,2.05
0.640,1.3473,0.7345,2.0004,1.2447,7.99
0.680,1.3864,0.7498,2.0024,1.2214,7.99
0.720,1.4763,0.7845,2.0066,1.1707,7.99
0.760,1.6219,0.8400,2.0124,1.0983,7.99
0.800,1.8180,0.9137,2.0185,1.0232,7.99
0.840,1.8223,0.9154,2.0180,1.0231,6.60
0.880,1.8494,0.9259,2.0152,1.0167,6.60
0.920,1.9134,0.9504,2.0092,1.0021,6.60
0.960,2.0210,0.9907,2.0006,0.9839,6.60
1.000,2.1724,1.0456,1.9910,0.9739,6.60
1.040,2.1772,1.0468,1.9917,0.9760,4.73
1.080,2.2073,1.0537,1.9963,0.9754,4.73
1.120,2.2781,1.0699,2.0057,0.9730,4.73
1.160,2.3964,1.0965,2.0191,0.9762,4.73
1.200,2.5616,1.1328,2.0341,0.9984,4.73
1.240,2.5674,1.1347,2.0333,1.0044,6.92
1.280,2.6030,1.1465,2.0290,1.0197,6.92
1.320,2.6855,1.1734,2.0200,1.0529,6.92
1.360,2.8207,1.2166,2.0073,1.1140,6.92
1.400,3.0051,1.2740,1.9932,1.2127,6.92
1.440,3.0116,1.2757,1.9940,1.2216,6.21
1.480,3.0509,1.2857,1.9986,1.2477,6.21
1.520,3.1412,1.3086,2.0081,1.2981,6.21
1.560,3.2870,1.3453,2.0211,1.2351,6.21
1.600,3.4828,1.3941,2.0350,1.1500,6.21
1.640,3.4888,1.3950,2.0361,1.1396,3.14
1.680,3.5253,1.3999,2.0424,1.1165,3.14
1.720,3.6100,1.4102,2.0557,1.0755,3.14
1.760,3.7482,1.4250,2.0750,1.0215,3.14
1.800,3.9360,1.4419,2.0974,0.9694,3.14
1.840,3.9428,1.4427,2.0992,0.9610,3.98
1.880,3.9842,1.4471,2.1099,0.9487,3.98
1.920,4.0794,1.4552,2.1326,0.9339,3.98
1.960,4.2334,1.4644,2.1659,0.9270,3.98
2.000,4.4403,1.4706,2.2047,0.9455,3.98
2.040,4.4444,1.4718,2.2047,0.9410,7.06
2.080,4.4697,1.4788,2.2050,0.9460,7.06
2.120,4.5294,1.4938,2.2064,0.9668,7.06
2.160,4.6295,1.5159,2.2107,1.0086,7.06
2.200,4.7698,1.5416,2.2198,1.0758,7.06
2.240,4.7741,1.5383,2.2180,1.0697,4.37
2.280,4.8009,1.5190,2.2077,1.0570,4.37
2.320,4.8647,1.4761,2.1851,1.0392,4.37
2.360,4.9724,1.4098,2.1509,1.0290,4.37
2.400,5.1247,1.3261,2.1090,1.0472,4.37
2.440,5.1293,1.3238,2.1069,1.0457,3.76
2.480,5.1575,1.3104,2.0949,1.0514,3.76
2.520,5.2237,1.2822,2.0684,1.0736,3.76
2.560,5.3337,1.2417,2.0278,1.1250,3.76
2.600,5.4866,1.1961,1.9774,1.2174,3.76
2.640,5.4931,1.1935,1.9803,1.2202,3.49
2.680,5.5325,1.1793,1.9973,1.2440,3.49
2.720,5.6225,1.1510,2.0345,1.3053,3.49
2.760,5.7671,1.1138,2.0909,1.4159,3.49
2.800,5.9602,1.0780,2.1601,1.2880,3.49
2.840,5.9655,1.0770,2.1647,1.2807,4.69
2.880,5.9981,1.0700,2.1921,1.2577,4.69
2.920,6.0747,1.0497,2.2532,1.2101,4.69
2.960,6.2017,1.0087,2.3485,1.1380,4.69
3.000,6.3774,0.9397,2.4707,1.0521,4.69
3.040,6.3823,0.9421,2.4722,1.0481,6.21
3.080,6.4123,0.9562,2.4818,1.0515,6.21
3.120,6.4826,0.9861,2.5045,1.0672,6.21
3.160,6.5991,1.0296,2.5425,1.1003,6.21
3.200,6.7602,1.0795,2.5956,1.1561,6.21
3.240,6.7620,1.0790,2.5969,1.1498,5.73
3.280,6.7734,1.0760,2.6053,1.1442,5.73
3.320,6.8019,1.0687,2.6249,1.1403,5.73
3.360,6.8523,1.0560,2.6576,1.1400,5.73
3.400,6.9276,1.0377,2.7029,1.1467,5.73
3.440,6.9296,1.0394,2.7034,1.1417,3.72
3.480,6.9423,1.0500,2.7062,1.1470,3.72
3.520,6.9741,1.0751,2.7128,1.1696,3.72
3.560,7.0303,1.1170,2.7233,1.2136,3.72
3.600,7.1143,1.1756,2.7373,1.2816,3.72
3.640,7.1194,1.1648,2.7399,1.2672,2.97
3.680,7.1509,1.0993,2.7552,1.2201,2.97
3.720,7.2236,0.9500,2.7892,1.1333,2.97
3.760,7.3422,0.7105,2.8422,1.0352,2.97
3.800,7.5037,0.3926,2.9102,0.9834,2.97
3.840,7.5058,0.3916,2.9108,0.9871,5.26
3.880,7.5194,0.3860,2.9148,0.9870,5.26
3.920,7.5530,0.3730,2.9239,0.9805,5.26
3.960,7.6119,0.3519,2.9383,0.9672,5.26
4.000,7.6988,0.3238,2.9574,0.9492,5.26
4.040,7.7015,0.3234,2.9579,0.9576,3.18
4.080,7.7185,0.3209,2.9609,0.9619,3.18
4.120,7.7599,0.3155,2.9675,0.9593,3.18
4.160,7.8316,0.3075,2.9779,0.9499,3.18
4.200,7.9357,0.2978,2.9912,0.9374,3.18
4.240,7.9387,0.2974,2.9914,0.9506,2.73
4.280,7.9578,0.2950,2.9930,0.9613,2.73
4.320,8.0038,0.2899,2.9964,0.9681,2.73
4.360,8.0829,0.2824,3.0015,0.9726,2.73
4.400,8.1968,0.2735,3.0076,0.9800,2.73
4.440,8.1998,0.2731,3.0080,0.9983,3.91
4.480,8.2189,0.2707,3.0102,1.0180,3.91
4.520,8.2649,0.2656,3.0149,1.0402,3.91
4.560,8.3436,0.2579,3.0219,1.0674,3.91
4.600,8.4568,0.2487,3.0302,1.1039,3.91
4.640,8.4604,0.2480,3.0305,1.1262,3.28
4.680,8.4826,0.2439,3.0319,1.1233,3.28
4.720,8.5358,0.2348,3.0349,1.0968,3.28
4.760,8.6263,0.2209,3.0390,1.0590,3.28
4.800,8.7554,0.2032,3.0433,1.0150,3.28
4.840,8.7565,0.2031,3.0436,1.0069,4.87
4.880,8.7637,0.2020,3.0455,0.9985,4.87
4.920,8.7824,0.1991,3.0503,0.9897,4.87
4.960,8.8169,0.1937,3.0588,0.9808,4.87
5.000,8.8705,0.1851,3.0715,0.9730,4.87
5.040,8.8714,0.1851,3.0718,0.9649,3.36
5.080,8.8774,0.1847,3.0738,0.9572,3.36
5.120,8.8933,0.1836,3.0789,0.9503,3.36
5.160,8.9231,0.1808,3.0880,0.9449,3.36
5.200,8.9705,0.1757,3.1017,0.9424,3.36
5.240,8.9718,0.1754,3.1024,0.9351,3.47
5.280,8.9805,0.1738,3.1062,0.9302,3.47
5.320,9.0025,0.1697,3.1155,0.9294,3.47
5.360,9.0421,0.1626,3.1313,0.9342,3.47
5.400,9.1024,0.1519,3.1539,0.9465,3.47
5.440,9.1037,0.1518,3.1542,0.9398,2.89
5.480,9.1128,0.1513,3.1563,0.9347,2.89
5.520,9.1355,0.1498,3.1613,0.9325,2.89
5.560,9.1764,0.1471,3.1700,0.9346,2.89
5.600,9.2386,0.1428,3.1827,0.9437,2.89
5.640,9.2401,0.1427,3.1831,0.9386,3.37
5.680,9.2497,0.1421,3.1852,0.9361,3.37
5.720,9.2739,0.1404,3.1902,0.9382,3.37
5.760,9.3171,0.1372,3.1987,0.9469,3.37
5.800,9.3826,0.1320,3.2109,0.9646,3.37
5.840,9.3840,0.1320,3.2112,0.9615,3.86
5.880,9.3938,0.1317,3.2126,0.9614,3.86
5.920,9.4181,0.1308,3.2161,0.9667,3.86
5.960,9.4618,0.1290,3.2220,0.9794,3.86
6.000,9.5279,0.1261,3.2302,1.0022,3.86
6.040,9.5296,0.1260,3.2303,1.0016,5.71
6.080,9.5407,0.1255,3.2309,1.0046,5.71
6.120,9.5680,0.1241,3.2322,1.0137,5.71
6.160,9.6163,0.1217,3.2343,1.0314,5.71
6.200,9.6882,0.1180,3.2371,1.0604,5.71
6.240,9.6899,0.1180,3.2370,1.0624,10.69
6.280,9.7004,0.1177,3.2361,1.0677,10.69
6.320,9.7268,0.1170,3.2339,1.0788,10.69
6.360,9.7739,0.1158,3.2297,1.0978,10.69
6.400,9.8450,0.1137,3.2231,1.1277,10.69
6.440,9.8467,0.1137,3.2227,1.1326,30.12
6.480,9.8576,0.1134,3.2201,1.1406,30.12
6.520,9.8849,0.1128,3.2135,1.1539,30.12
6.560,9.9336,0.1118,3.2019,1.1749,30.12
6.600,10.0067,0.1102,3.1845,1.2066,30.12
6.640,10.0085,0.1101,3.1840,1.2148,35.29
6.680,10.0200,0.1099,3.1812,1.2272,35.29
6.720,10.0487,0.1093,3.1743,1.2468,35.29
6.760,10.0997,0.1082,3.1619,1.2762,35.29
6.800,10.1762,0.1065,3.1434,1.3187,35.29
6.840,10.1781,0.1065,3.1429,1.3302,38.54
6.880,10.1903,0.1062,3.1400,1.3469,38.54
6.920,10.2205,0.1056,3.1325,1.3724,38.54
6.960,10.2742,0.1044,3.1194,1.4100,38.54
7.000,10.3546,0.1027,3.0998,1.4628,38.54
7.040,10.3566,0.1026,3.0993,1.4773,29.71
7.080,10.3698,0.1024,3.0962,1.4983,29.71
7.120,10.4024,0.1016,3.0884,1.5300,29.71
7.160,10.4600,0.1004,3.0748,1.5760,29.71
7.200,10.5456,0.0985,3.0545,1.6394,29.71
7.240,10.5477,0.0984,3.0541,1.6567,38.04
7.280,10.5612,0.0981,3.0512,1.6812,38.04
7.320,10.5946,0.0973,3.0439,1.7179,38.04
7.360,10.6541,0.0959,3.0308,1.7708,38.04
7.400,10.7431,0.0938,3.0112,1.8430,38.04
7.440,10.7455,0.0937,3.0106,1.8628,42.96
7.480,10.7609,0.0934,3.0070,1.8912,42.96
7.520,10.7985,0.0926,2.9981,1.9338,42.96
7.560,10.8644,0.0911,2.9826,1.9946,42.96
7.600,10.9616,0.0889,2.9597,2.0768,42.96
7.640,10.9642,0.0889,2.9590,2.0989,33.98
7.680,10.9809,0.0885,2.9548,2.1306,33.98
7.720,11.0217,0.0877,2.9446,2.1223,33.98
7.760,11.0927,0.0862,2.9269,2.0918,33.98
7.800,11.1970,0.0840,2.9009,2.0426,33.98
7.840,11.1999,0.0839,2.9003,2.0595,32.61
7.880,11.2187,0.0835,2.8961,2.0672,32.61
7.920,11.2640,0.0824,2.8859,2.0599,32.61
7.960,11.3424,0.0806,2.8683,2.0356,32.61
8.000,11.4563,0.0780,2.8426,1.9960,32.61
8.040,11.4596,0.0779,2.8419,2.0158,33.91
8.080,11.4806,0.0774,2.8370,2.0270,33.91
8.120,11.5312,0.0763,2.8252,2.0249,33.91
8.160,11.6178,0.0744,2.8050,2.0086,33.91
8.200,11.7428,0.0716,2.7758,1.9813,33.91
8.240,11.7466,0.0715,2.7749,2.0040,33.92
8.280,11.7704,0.0709,2.7695,2.0198,33.92
8.320,11.8276,0.0696,2.7564,2.0249,33.92
8.360,11.9249,0.0674,2.7340,2.0203,33.92
8.400,12.0641,0.0643,2.7018,2.0107,33.92
8.440,12.0687,0.0642,2.7008,2.0363,36.03
8.480,12.0973,0.0635,2.6942,2.0571,36.03
8.520,12.1647,0.0620,2.6785,2.0716,36.03
8.560,12.2775,0.0595,2.6522,2.0827,36.03
8.600,12.4363,0.0559,2.6151,2.0972,36.03
8.640,12.4421,0.0558,2.6138,2.1254,34.27
8.680,12.4777,0.0550,2.6055,2.1527,34.27
8.720,12.5602,0.0531,2.5863,2.1808,34.27
8.760,12.6957,0.0501,2.5546,2.1322,34.27
8.800,12.8819,0.0460,2.5108,2.0115,34.27
8.840,12.8900,0.0458,2.5090,1.9957,35.09
8.880,12.9384,0.0447,2.4978,1.9573,35.09
8.920,13.0472,0.0422,2.4725,1.8876,35.09
8.960,13.2197,0.0384,2.4320,1.7918,35.09
9.000,13.4471,0.0334,2.3783,1.6868,35.09
9.040,13.4555,0.0332,2.3764,1.6702,31.37
9.080,13.5050,0.0320,2.3650,1.6395,31.37
9.120,13.6133,0.0296,2.3400,1.5924,31.37
9.160,13.7792,0.0259,2.3014,1.5386,31.37
9.200,13.9897,0.0212,2.2516,1.4954,31.37
9.240,13.9951,0.0211,2.2503,1.4795,40.16
9.280,14.0269,0.0204,2.2426,1.4619,40.16
9.320,14.0970,0.0189,2.2256,1.4437,40.16
9.360,14.2049,0.0166,2.1991,1.4298,40.16
9.400,14.3422,0.0137,2.1653,1.4268,40.16
