t,x,y,z,exec_clr,status
0.0,0.0,0.0,3.0,7.053754447510532,1
0.02,0.00016979806844836043,0.0,3.0,7.0683889764783885,1
0.04,0.0013288372425408197,0.0,3.0,7.082167600505382,1
0.06,0.004386300109700295,0.0,3.0,7.094328831140562,1
0.08,0.010166450006473055,0.0,3.0,7.10418471475647,1
0.1,0.019411290064429813,0.0,3.0,7.111119150218149,1
0.12000000000000001,0.03278322225606682,0.0,3.0,7.114586350924868,1
0.14,0.050867706440707004,0.0,3.0,7.1141093821357515,1
0.16,0.07417591941040098,0.0,3.0,7.109278720578906,1
0.18,0.10314741393582828,0.0,3.0,7.099750796944821,1
0.19999999999999998,0.13803443895920076,2.492284878968924e-05,3.0000249228487896,7.085344957617989,1
0.21999999999999997,0.17856232245887377,0.0001919743233715851,3.0001919743233714,7.066324742136497,1
0.23999999999999996,0.22430971739909283,0.0006233324727867027,3.0006233324727867,7.039596068344737,1
0.25999999999999995,0.27483336461149344,0.0014202650347719548,3.0014202650347714,6.9943007657149465,1
0.27999999999999997,0.329671362249608,0.0026640687854270688,3.002664068785426,6.944872890544608,1
0.3,0.38839249458801073,0.004443141084700977,3.004443141084693,6.891702914544241,1
0.32,0.4507068124221918,0.006914582478217958,3.006914582478175,6.835028970332596,1
0.34,0.5162899959295991,0.010198905686846475,3.010198905686741,6.7751287699725244,1
0.36000000000000004,0.5847609022365544,0.014357164062115721,3.014357164061938,6.712347054864646,1
0.38000000000000006,0.6557142710617674,0.019398996142487468,3.0193989961422516,6.647063496924005,1
0.4000000000000001,0.7289005687150155,0.025274817751063963,3.025269144377953,6.579530099197976,1
0.4200000000000001,0.8046646797529426,0.0318504292140772,3.031806138403039,6.509478445381301,1
0.4400000000000001,0.8834437131892156,0.03898263971965256,3.038836810257807,6.436563963744237,1
0.46000000000000013,0.9656105111509188,0.046538534205405,3.0462014082968873,6.360504675998014,1
0.48000000000000015,1.0514760972928818,0.05439517314373918,3.053753191295163,6.281079034865322,1
0.5000000000000001,1.140923267193159,0.06233811665143191,3.0615202043053413,6.198515723133812,1
0.5200000000000001,1.23249505313081,0.0698176694034226,3.06996015464612,6.114443250853866,1
0.5400000000000001,1.3247862226886722,0.076359846450064,3.079159961265579,6.0303758715903735,1
0.5600000000000002,1.416747556685018,0.08168778248549474,3.088807908683253,5.94737984702373,1
0.5800000000000002,1.507567059587217,0.0857272377019256,3.0983959331185154,5.866192997174987,1
0.6000000000000002,1.596677074442869,0.08870450256854982,3.107378818051903,5.787186267606143,1
0.6200000000000002,1.6839951449516164,0.09129968391287056,3.1152075292757426,5.710077844919495,1
0.6400000000000002,1.7694599588355346,0.09414184263674012,3.121498633499847,5.634586258541118,1
0.6600000000000003,1.8529172261958604,0.09767568671912738,3.1260742821541667,5.560601319383818,1
0.6800000000000003,1.9341430616263446,0.10215229706452673,3.1289587722084677,5.48817442011492,1
0.7000000000000003,2.0130046265440584,0.10760615776027105,3.1304244270756763,5.417401743156432,1
0.7200000000000003,2.0898751158070916,0.11389408114603208,3.1310268927189235,5.348059058178051,1
0.7400000000000003,2.165196247169616,0.12088301942447496,3.13126686359609,5.279861952603889,1
0.7600000000000003,2.2393306514625104,0.12846818792956266,3.131526317032073,5.2125761725292605,1
0.7800000000000004,2.312555183607108,0.13655352788707154,3.132083366566212,5.146032220674936,1
0.8000000000000004,2.38517399788072,0.14503262777402304,3.1330921958920097,5.080034781630278,1
0.8200000000000004,2.457874372395788,0.1537823081984952,3.1345170985662696,5.014058200135292,1
0.8400000000000004,2.5313801794201236,0.16268427214630848,3.136286115753041,4.947553670983899,1
0.8600000000000004,2.6063375124691057,0.1716296433569306,3.1383322688070954,4.880049459618554,1
0.8800000000000004,2.683317360914549,0.18051868251766426,3.140593416142228,4.811148714631467,1
0.9000000000000005,2.762650028187801,0.18927558258010538,3.1430902826439957,4.74066775763144,1
0.9200000000000005,2.8439270723770145,0.1978827019621976,3.1460329273058623,4.669034647920847,1
0.9400000000000005,2.926526985966887,0.20631852320291744,3.1494184683467275,4.596826684586213,1
0.9600000000000005,3.0098107258510525,0.21454433979486692,3.153039483601035,4.524612698839599,1
0.9800000000000005,3.093149219726545,0.22250895116836716,3.156608807158237,4.452940534172957,1
1.0000000000000004,3.1760775011998805,0.23018968858421218,3.1599384158966415,4.3822092402354045,1
1.0200000000000005,3.258639320515143,0.23765449015419976,3.163128277732077,4.312383637409594,1
1.0400000000000005,3.3409172810215266,0.24489173215902166,3.1663053666353975,4.24344984162897,1
1.0600000000000005,3.422901943943796,0.2518173092916547,3.1695608175392898,4.175510685296014,1
1.0800000000000005,3.5045024148352555,0.2583336115498381,3.1729599816675034,4.108741770082277,1
1.1000000000000005,3.585589532490582,0.2644122381067236,3.1765464217762873,4.043303432414825,1
1.1200000000000006,3.6661246627498425,0.2701704341020124,3.1803410123376556,3.9791886536438463,1
1.1400000000000006,3.7460995706493554,0.27572229700181505,3.1843719304458062,3.9163655205539776,1
1.1600000000000006,3.8254991365113256,0.2811430607944413,3.1886739170892096,3.8548296959807216,1
1.1800000000000006,3.904290177728383,0.2864722850726946,3.1932793292933046,3.7946108132797725,1
1.2000000000000006,3.9824333631691164,0.2917605475534763,3.1981718848979437,3.7357271870037843,1
1.2200000000000006,4.059961951296867,0.2971720816850099,3.2031980892116754,3.678047352345879,1
1.2400000000000007,4.136935103368549,0.302811455040105,3.2082270414992555,3.6214622368361606,1
1.2600000000000007,4.213403815226917,0.3086931336536059,3.213187529812368,3.5659394310088905,1
1.2800000000000007,4.28939452120346,0.3147632438822485,3.218059779101276,3.507702929138071,1
1.3000000000000007,4.364965618810717,0.3209023372022386,3.2229082694059574,3.442480929550153,1
1.3200000000000007,4.4403786361043345,0.326930401071892,3.227929281158594,3.3780927403794316,1
1.3400000000000007,4.515828083659036,0.3327343948303512,3.233224383398598,3.314354682358156,1
1.3600000000000008,4.591385703235643,0.33827340019451035,3.238782660529293,3.2512284261761146,1
1.3800000000000008,4.6670276084622815,0.3435523130053637,3.244523411476903,3.1887824087059395,1
1.4000000000000008,4.742804445905306,0.3485755612736579,3.2503376102145336,3.127030796339441,1
1.4200000000000008,4.8192803082719795,0.35327163935859596,3.256116416621704,3.065560281136792,1
1.4400000000000008,4.897089514749605,0.3575572524353124,3.261759913899828,3.00392719198556,1
1.4600000000000009,4.976793093940738,0.36135836318567005,3.2671775762446473,2.9417845884417733,1
1.4800000000000009,5.058881382234551,0.36460987339738526,3.272287965875793,2.8788826262293368,1
1.5000000000000009,5.1437768540290945,0.36727680619496406,3.2770143029564407,2.8150851105356787,1
1.520000000000001,5.231838644665848,0.3694140531414242,3.2812724896757057,2.7504166008150555,1
1.540000000000001,5.323366486651965,0.3710939998334088,3.2849844011419473,2.6850169661545475,1
1.560000000000001,5.418603135663257,0.3723840402145932,3.2880818293317833,2.6191297637690827,1
1.580000000000001,5.517736708104905,0.3733467239056537,3.2905061198184926,2.5531070132086775,1
1.600000000000001,5.620906868768112,0.37404090473725077,3.2922087052059616,2.487412839385932,1
1.620000000000001,5.728219379195444,0.37452449999524834,3.293153074834782,2.42262450657453,1
1.640000000000001,5.839737936532281,0.3748509993936202,3.29331111975383,2.359441412729362,1
1.660000000000001,5.955482605877232,0.3750686203453193,3.292661832759155,2.298688873195453,1
1.680000000000001,6.075431926007506,0.37522056799473463,3.291190997017933,2.241316325389072,1
1.700000000000001,6.199531520767583,0.3753432925379403,3.288894781818267,2.188384780093184,1
1.720000000000001,6.3277169908814,0.37546125954047727,3.2857886285489895,2.14103917436884,1
1.740000000000001,6.459898405766296,0.37559407960724017,3.2818912498072645,2.100497783301973,1
1.7600000000000011,6.595955549871154,0.37575880417547863,3.2772207275672733,2.0680168881121723,1
1.7800000000000011,6.735739322087874,0.3759700839081494,3.2717951993578462,2.0448360799491465,1
1.8000000000000012,6.87908089904026,0.3762486627594783,3.265623949716701,2.0321191286329277,1
1.8200000000000012,7.025815670884134,0.37664278679792923,3.2586835991616008,2.0296122491544817,1
1.8400000000000012,7.175760142948525,0.3771973037219324,3.2509542975279437,2.0292029220988543,1
1.8600000000000012,7.328705626372741,0.3779456487852954,3.2424294316396747,1.9661702201305096,1
1.8800000000000012,7.484419894269263,0.37891116356005106,3.2331145799384218,1.8645166959748949,1
1.9000000000000012,7.642672605992021,0.380123914627752,3.223008092283774,1.770594894021934,1
1.9200000000000013,7.803305419051881,0.38165956184390826,3.21205432866649,1.6864609950454974,1
1.9400000000000013,7.966157376754064,0.38357934159066326,3.2002129829402395,1.614413127798174,1
1.9600000000000013,8.13104212797664,0.385915394502816,3.1874761880588984,1.5569119661986812,1
1.9800000000000013,8.297749629503754,0.3886739226123106,3.1738647587442435,1.516377644261502,1
2.0000000000000013,8.466075791045396,0.39178872981550045,3.1594544212072324,1.487532145513941,1
2.0200000000000014,8.635907311186743,0.39499695451801303,3.144451914266326,1.4583916135450419,1
2.0400000000000014,8.807137814605879,0.39802569239731533,3.1290849905178986,1.4290196944636346,1
2.0600000000000014,8.97964033657441,0.40064404851863505,3.113569100574874,1.3996933672880327,1
2.0800000000000014,9.15326786577995,0.40265989649122924,3.0981067455260685,1.3721745575360138,1
2.1000000000000014,9.327853887148615,0.4039166376246546,3.082886829395534,1.3645277489112968,1
2.1200000000000014,9.503212924667503,0.4042899600850366,3.068084011601901,1.3824886668326046,1
2.1400000000000015,9.679141084207188,0.40368459805133927,3.053858059417726,1.4254295725854855,1
2.1600000000000015,9.855416596344204,0.40203109087163463,3.040353200428828,1.4913808184840964,1
2.1800000000000015,10.031800369409519,0.3992825495689758,3.027697477840778,1.4161063928122417,1
2.2000000000000015,10.208036873937136,0.39541166153070184,3.016002198054461,1.2667706665555862,1
2.2200000000000015,10.383855988950334,0.39040838648829873,3.0053616460383874,1.1250922370169512,1
2.2400000000000015,10.558975280757343,0.38427796334982056,2.9958529211211338,0.9942529999856824,1
2.2600000000000016,10.733102302200274,0.3770389317324546,2.9875357784784295,0.8787934924479157,1
2.2800000000000016,10.905936891904085,0.368721153495104,2.98045247062025,0.7849405933905554,1
2.3000000000000016,11.077173473525553,0.3593638342709696,2.9746275888779006,0.7202841547107403,1
2.3200000000000016,11.246503355002217,0.34901354500013243,2.9700679048911143,0.6918437098720014,1
2.3400000000000016,11.413617025045612,0.3377222494752826,2.9667622185332307,0.6931591564851733,1
2.3600000000000017,11.578206308896538,0.32554563898251926,2.9646815346337276,0.6952398403846765,1
2.3800000000000017,11.73996599816625,0.3125426145049975,2.963780468361347,0.6973485888297357,1
2.4000000000000017,11.89859517983483,0.2987754253761253,2.9639993534477753,0.723994808289293,1
2.4200000000000017,12.053798544979559,0.2843098521625664,2.965266397766831,0.7800436189699339,1
2.4400000000000017,12.205287697500852,0.2692153895525883,2.9674998389193705,0.857806861087578,1
2.4600000000000017,12.35278246284818,0.25356542924441,2.970610099818196,0.9500821930815477,1
2.4800000000000018,12.496012196746006,0.23743744283454996,2.974501944272964,1.0512465067044596,1
2.5000000000000018,12.634717093919708,0.22091316470617417,2.9790766325750937,1.1572479665178521,1
2.520000000000002,12.768649496821512,0.20407877491744392,2.9842340770826743,1.2652373182564327,1
2.540000000000002,12.89757520521054,0.18702507919915404,2.989874994057199,1.373201184303886,1
2.560000000000002,13.021274839369779,0.1698475074215324,2.9959028201222586,1.4796899436860793,1
2.580000000000002,13.139545425825046,0.1526453590168659,3.002224652303803,1.5836352296450291,1
2.600000000000002,13.252202123176009,0.13552057420151714,3.008751573208435,1.6842316477623103,1
2.620000000000002,13.359079958728545,0.11857646864153155,3.0153989288016327,1.722737787360981,1
2.640000000000002,13.460035565130493,0.10191646810678512,3.0220866061711056,1.6786516577981965,1
2.660000000000002,13.554948917007382,0.08564284312513154,3.0287393112901593,1.6423669588003988,1
2.680000000000002,13.643725067598169,0.06985544363654986,3.0352868467810503,1.6132854728821062,1
2.700000000000002,13.726295885390991,0.0546504336472918,3.0416643896783495,1.5907039737429787,1
2.720000000000002,13.802621790758904,0.04011902588402899,3.047812769192301,1.5738455323428624,1
2.740000000000002,13.872693492595614,0.02634621644800078,3.0536787444721822,1.5601162593959947,1
2.760000000000002,13.936533724951229,0.013409519469161468,3.0592152823696632,1.5470023844307559,1
2.780000000000002,13.994198983667996,0.0013777017603275599,3.064381835202166,1.5345286171222736,1
2.800000000000002,14.045781263016035,-0.009690482528674549,3.0691446185162277,1.522723207519493,1
2.820000000000002,14.091409792329094,-0.01974755725686131,3.073476888850857,1.5116100579588834,1
2.840000000000002,14.131252772640277,-0.02875858963794456,3.0773592215008936,1.5012081909884627,1
2.860000000000002,14.165519113317792,-0.03670245558618421,3.0807797882803736,1.4915311185899742,1
2.880000000000002,14.194460168700688,-0.04357310506224041,3.083734635285882,1.456456606991671,1
2.900000000000002,14.2183714747346,-0.049380827419026774,3.086227960659919,1.4252148368547577,1
2.920000000000002,14.237594485607485,-0.05415351674756247,3.0882723923542543,1.3986018651198626,1
2.940000000000002,14.252518310385364,-0.057937937222824865,3.089889265893293,1.376224083259863,1
2.960000000000002,14.263581449648067,-0.06080098844960244,3.0911089021374307,1.3576435803672489,1
2.980000000000002,14.27127353212497,-0.06283097080834696,3.0919708850464147,1.342376208038862,1
3.000000000000002,14.275450892627472,-0.06414322149503125,3.092525733452805,1.3305744520859089,1
3.0200000000000022,14.273659952033197,-0.06488126198333069,3.092833998606823,1.3247007497181889,1
3.0400000000000023,14.263802084235154,-0.06518118633738179,3.092952827440054,1.326865051677806,1
3.0600000000000023,14.244788703332125,-0.0651639552931637,3.0929331921848093,1.338169509272766,1
3.0800000000000023,14.216408433934765,-0.06493530046851458,3.0928198380620264,1.358839594253049,1
3.1000000000000023,14.180353747197744,-0.0645961890322518,3.0926562649642833,1.3871971331931823,1
3.1200000000000023,14.14235525795045,-0.06426305365791124,3.092494402337084,1.4175257757480912,1
3.1400000000000023,14.106741337757205,-0.06401942395693781,3.092371559359052,1.4193628759548416,1
3.1600000000000024,14.075456412794606,-0.06390935779076021,3.09230718348212,1.4165725182567452,1
3.1800000000000024,14.048573829826847,-0.06394463650139616,3.09230616448301,1.4138409806271317,1
3.2000000000000024,14.02480872218098,-0.06411196014205739,3.0923621385147153,1.4111747009781204,1
3.2200000000000024,14.00203087572223,-0.06438014270775486,3.092460792157982,1.4085924866824024,1
3.2400000000000024,13.97777759482928,-0.06470730736590377,3.0925831664727914,1.40612112921654,1
3.2600000000000025,13.949766568369567,-0.06504808168692876,3.092708961049841,1.403790773990839,1
3.2800000000000025,13.916408735674564,-0.06536079287486894,3.0928198380620264,1.4016300602275724,1
3.3000000000000025,13.877312700660628,-0.06561457259576554,3.0929026835965274,1.3996610996218142,1
3.3200000000000025,13.83356939773397,-0.0657941113483952,3.092951758282646,1.39789585495133,1
3.3400000000000025,13.787478935301527,-0.06589844628864952,3.0929680284396173,1.3963365164497572,1
3.3600000000000025,13.742057691065947,-0.06593739859626034,3.092957386520171,1.394977567620249,1
3.3800000000000026,13.70053695546616,-0.06592792043930754,3.092928828834699,1.393808035453118,1
3.4000000000000026,13.665861575117903,-0.06589044193872674,3.0928926332754223,1.392813865791874,1
3.4200000000000026,13.640188596254289,-0.06584521813281713,3.0928585370405566,1.3919804241483866,1
3.4400000000000026,13.62438590816634,-0.06580867594174918,3.092833914358481,1.3912951198134111,1
3.4600000000000026,13.617530886643534,-0.06578976113207244,3.092821954211903,1.3907501485299463,1
3.4800000000000026,13.61640903741436,-0.06578628528122327,3.0928198380620264,1.3903453472286667,1
3.5000000000000027,13.61640903741436,-0.06578628528122327,3.0928198380620264,1.3900876772886903,1
3.5200000000000027,13.61640903741436,-0.06578628528122327,3.0928198380620264,1.3899786595751766,1
3.5400000000000027,13.61640903741436,-0.06578628528122327,3.0928198380620264,1.390017430087659,1
3.5600000000000027,13.61640903741436,-0.06578628528122327,3.0928198380620264,1.3902030768928815,1
3.5800000000000027,13.61640903741436,-0.06578628528122327,3.0928198380620264,1.3905346419249045,1
3.6000000000000028,13.61640903741436,-0.06578628528122327,3.0928198380620264,1.3910111228467974,1
3.6200000000000028,13.61640903741436,-0.06578628528122327,3.0928198380620264,1.391631474968187,1
3.640000000000003,13.61640903741436,-0.06578628528122327,3.0928198380620264,1.3923946132128129,1
3.660000000000003,13.61640903741436,-0.06578628528122327,3.0928198380620264,1.3932994141301358,1
3.680000000000003,13.61640903741436,-0.06578628528122327,3.0928198380620264,1.3943447179450041,1
3.700000000000003,13.61640903741436,-0.06578628528122327,3.0928198380620264,1.3955293306393264,1
3.720000000000003,13.61640903741436,-0.06578628528122327,3.0928198380620264,1.396852026059722,1
3.740000000000003,13.61640903741436,-0.06578628528122327,3.0928198380620264,1.3983115480451465,1
3.760000000000003,13.61640903741436,-0.06578628528122327,3.0928198380620264,1.3999066125685498,1
3.780000000000003,13.61640903741436,-0.06578628528122327,3.0928198380620264,1.4016359098867246,1
3.800000000000003,13.61640903741436,-0.06578628528122327,3.0928198380620264,1.4034981066926062,1
3.820000000000003,13.61640903741436,-0.06578628528122327,3.0928198380620264,1.4054918482644423,1
3.840000000000003,13.61640903741436,-0.06578628528122327,3.0928198380620264,1.4076157606064008,1
3.860000000000003,13.61640903741436,-0.06578628528122327,3.0928198380620264,1.4098684525753842,1
3.880000000000003,13.61640903741436,-0.06578628528122327,3.0928198380620264,1.4122485179890114,1
3.900000000000003,13.61640903741436,-0.06578628528122327,3.0928198380620264,1.4147545377099566,1
3.920000000000003,13.61640903741436,-0.06578628528122327,3.0928198380620264,1.417385081702061,1
3.940000000000003,13.61640903741436,-0.06578628528122327,3.0928198380620264,1.4201387110538926,1
3.960000000000003,13.61640903741436,-0.06578628528122327,3.0928198380620264,1.4230139799656742,1
3.980000000000003,13.61640903741436,-0.06578628528122327,3.0928198380620264,1.4260094376957773,1
4.000000000000003,13.61640903741436,-0.06578628528122327,3.0928198380620264,1.4291236304632329,1
4.020000000000002,13.61640903741436,-0.06578628528122327,3.0928198380620264,1.4323551033030073,1
4.040000000000002,13.61640903741436,-0.06578628528122327,3.0928198380620264,1.435702401871049,1
4.060000000000001,13.61640903741436,-0.06578628528122327,3.0928198380620264,1.4391640741963958,1
4.080000000000001,13.61640903741436,-0.06578628528122327,3.0928198380620264,1.4427386723779154,1
4.1000000000000005,13.61640903741436,-0.06578628528122327,3.0928198380620264,1.4464247542235082,1
4.12,13.61640903741436,-0.06578628528122327,3.0928198380620264,1.4502208848298805,1
4.14,13.61640903741436,-0.06578628528122327,3.0928198380620264,1.45412563810126,1
4.159999999999999,13.61640903741436,-0.06578628528122327,3.0928198380620264,1.4581375982056646,1
4.179999999999999,13.61640903741436,-0.06578628528122327,3.0928198380620264,1.4622553609676114,1
4.199999999999998,13.61640903741436,-0.06578628528122327,3.0928198380620264,1.4664775351963528,1
4.219999999999998,13.61640903741436,-0.06578628528122327,3.0928198380620264,1.4708027439489895,1
4.2399999999999975,13.61640903741436,-0.06578628528122327,3.0928198380620264,1.4752296257280109,1
4.259999999999997,13.61640903741436,-0.06578628528122327,3.0928198380620264,1.4797568356130215,1
4.279999999999997,13.61640903741436,-0.06578628528122327,3.0928198380620264,1.4843830463266132,1
4.299999999999996,13.61640903741436,-0.06578628528122327,3.0928198380620264,1.4891069492345264,1
4.319999999999996,13.61640903741436,-0.06578628528122327,3.0928198380620264,1.4939272552804088,1
4.339999999999995,13.61640903741436,-0.06578628528122327,3.0928198380620264,1.4988426958556629,1
4.359999999999995,13.61640903741436,-0.06578628528122327,3.0928198380620264,1.5038520236049904,1
4.379999999999995,13.61640903741436,-0.06578628528122327,3.0928198380620264,1.508954013168412,1
4.399999999999994,13.61640903741436,-0.06578628528122327,3.0928198380620264,1.5053909358135638,1
4.419999999999994,13.61640903741436,-0.06578628528122327,3.0928198380620264,1.4995375280148142,1
4.439999999999993,13.61640903741436,-0.06578628528122327,3.0928198380620264,1.4937238640899881,1
4.459999999999993,13.61640903741436,-0.06578628528122327,3.0928198380620264,1.4879503348970236,1
4.479999999999992,13.61640903741436,-0.06578628528122327,3.0928198380620264,1.4822173278455502,1
4.499999999999992,13.61640903741436,-0.06578628528122327,3.0928198380620264,1.4765252268664746,1
4.519999999999992,13.61640903741436,-0.06578628528122327,3.0928198380620264,1.4708744123818445,1
4.539999999999991,13.61640903741436,-0.06578628528122327,3.0928198380620264,1.465265261275011,1
4.559999999999991,13.61640903741436,-0.06578628528122327,3.0928198380620264,1.459698146861097,1
4.57999999999999,13.61640903741436,-0.06578628528122327,3.0928198380620264,1.4541734388577545,1
4.59999999999999,13.61640903741436,-0.06578628528122327,3.0928198380620264,1.4486915033562315,1
4.6199999999999894,13.61640903741436,-0.06578628528122327,3.0928198380620264,1.4432527027927495,1
4.639999999999989,13.61640903741436,-0.06578628528122327,3.0928198380620264,1.4378573959201688,1
4.659999999999989,13.61640903741436,-0.06578628528122327,3.0928198380620264,1.4325059377799896,1
4.679999999999988,13.61640903741436,-0.06578628528122327,3.0928198380620264,1.4271986796746443,1
4.699999999999988,13.61640903741436,-0.06578628528122327,3.0928198380620264,1.4219359691401152,1
4.719999999999987,13.61640903741436,-0.06578628528122327,3.0928198380620264,1.4167181499188661,1
4.739999999999987,13.61640903741436,-0.06578628528122327,3.0928198380620264,1.4115455619330923,1
4.7599999999999865,13.61640903741436,-0.06578628528122327,3.0928198380620264,1.406418541258292,1
4.779999999999986,13.61640903741436,-0.06578628528122327,3.0928198380620264,1.4013374200971622,1
4.799999999999986,13.61640903741436,-0.06578628528122327,3.0928198380620264,1.396302526753816,1
4.819999999999985,13.61640903741436,-0.06578628528122327,3.0928198380620264,1.3913141856083353,1
4.839999999999985,13.61640903741436,-0.06578628528122327,3.0928198380620264,1.3863727170916427,1
4.859999999999984,13.61640903741436,-0.06578628528122327,3.0928198380620264,1.3814784376607143,1
4.879999999999984,13.61640903741436,-0.06578628528122327,3.0928198380620264,1.3766316597741213,1
4.8999999999999835,13.61640903741436,-0.06578628528122327,3.0928198380620264,1.37183269186791,1
4.919999999999983,13.61640903741436,-0.06578628528122327,3.0928198380620264,1.3670818383318117,1
4.939999999999983,13.61640903741436,-0.06578628528122327,3.0928198380620264,1.3566259367186904,1
4.959999999999982,13.61640903741436,-0.06578628528122327,3.0928198380620264,1.3430033926960714,1
4.979999999999982,13.61640903741436,-0.06578628528122327,3.0928198380620264,1.3293232015256855,1
4.999999999999981,13.61640903741436,-0.06578628528122327,3.0928198380620264,1.3155893601759792,1
5.019999999999981,13.616608632200657,-0.0657807582952355,3.092858406657779,1.3016655948940095,1
5.0399999999999805,13.617964170496075,-0.06574425038108969,3.0931194530514374,1.2868800288014102,1
5.05999999999998,13.62152068018073,-0.06565160041974427,3.0938014037924546,1.270491748794988,1
5.07999999999998,13.62820635792552,-0.06548362665448042,3.095077485409461,1.2518416915542696,1
5.099999999999979,13.638836701841322,-0.06522671870159398,3.09709686498439,1.2303601300979925,1
5.119999999999979,13.6541186441282,-0.06487242956108735,3.0999857907266035,1.2055765297214807,1
5.139999999999978,13.674654683724599,-0.06441706762736127,3.10384873254702,1.1771315496698074,1
5.159999999999978,13.70094701895657,-0.0638612886999068,3.1087695226322376,1.144791585292186,1
5.1799999999999775,13.733401680186946,-0.06320968799399716,3.11481249601866,1.1084668989482653,1
5.199999999999977,13.7697680499908,-0.06232020846450422,3.1216778539895893,1.0697232774178422,1
5.219999999999977,13.799255632856232,-0.060537862698049755,3.127923052426352,1.0348551546856317,1
5.239999999999976,13.81305608573812,-0.057282405778792615,3.1324005531764403,1.0084876144769892,1
5.259999999999976,13.806651567683673,-0.05219677286269143,3.134560447076222,0.9929948054308414,1
5.279999999999975,13.779069383938857,-0.04512297817890597,3.1343371844666787,0.9895952959324877,1
5.299999999999975,13.734183485734878,-0.03653141141166215,3.132219218283654,0.9976523767654943,1
5.3199999999999745,13.683709067528559,-0.02846672517209968,3.129446987864668,1.011832048552783,1
5.339999999999974,13.636839953010728,-0.022560655682913332,3.127019638758887,1.026616086264785,1
5.359999999999974,13.598385483642645,-0.019625799562319038,3.1255174885288306,1.0381287645434945,1
5.379999999999973,13.56963490337986,-0.01980922448941755,3.125176145654122,1.044567276355957,1
5.399999999999973,13.548992743785101,-0.02289287891316571,3.125862240873838,1.0464147556684291,1
5.419999999999972,13.532854211178863,-0.02896672870355405,3.1269851222257707,1.0462614477830234,1
5.439999999999972,13.517967069805112,-0.038201849547162915,3.128049583941478,1.0466688273442748,1
5.4599999999999715,13.501831854334931,-0.05071109455275581,3.128758439069771,1.0496790532349922,1
5.479999999999971,13.4826529154892,-0.06652804572726323,3.1289780925419644,1.0568036776186098,1
5.499999999999971,13.45995851622115,-0.08507262587212833,3.128747142978161,1.0683234567213433,1
5.51999999999997,13.435884630368784,-0.10408126705880597,3.1283122279572897,1.0818133291988832,1
5.53999999999997,13.412078508887669,-0.1218914548138687,3.127883480348499,1.0953167719283388,1
5.559999999999969,13.389107356207935,-0.13785819667936688,3.127588589842479,1.108047843960188,1
5.579999999999969,13.366720197916598,-0.15212388797316062,3.127487029397431,1.1201789093715169,1
5.599999999999969,13.344445398958886,-0.16526438072760163,3.127566972305713,1.132275773389384,1
5.619999999999968,13.322660803809523,-0.17769002355442093,3.1277313928516546,1.1442061477241243,1
5.639999999999968,13.301457287648415,-0.1898650414178684,3.1278969678239106,1.1560745422534362,1
5.659999999999967,13.28042309764305,-0.20235729218942178,3.1280127588735778,1.1684285415507245,1
5.679999999999967,13.258808661563608,-0.2157717669663817,3.128054645218446,1.182119490457311,1
5.699999999999966,13.235691396398071,-0.2306840903904666,3.1280197563472463,1.1981522900741992,1
5.719999999999966,13.21014051696733,-0.2475740209664077,3.1279209047239047,1.2175258252584533,1
5.739999999999966,13.181381844540303,-0.266758951380544,3.127781018491789,1.2410646312634854,1
5.759999999999965,13.148962615449031,-0.2883274088194172,3.127627574177962,1.2692421150519597,1
5.779999999999965,13.1129162897038,-0.3120725552883666,3.127487029397431,1.3019963227603184,1
5.799999999999964,13.073923571525102,-0.33742761395143955,3.1273793230528613,1.338544647078604,1
5.819999999999964,13.033374939713845,-0.3634513720254993,3.127314130416351,1.3773035103631954,1
5.839999999999963,12.993183164534022,-0.3889408010811421,3.1272915729118167,1.3995543220023112,1
5.859999999999963,12.955497334433636,-0.4125937538978123,3.127304682779441,1.3647745313180313,1
5.879999999999963,12.922413094682465,-0.4331735873402326,3.127341935235581,1.334361312571298,1
5.899999999999962,12.895682886009842,-0.44967378523483426,3.1273897806326785,1.3098764942060788,1
5.919999999999962,12.87642618324242,-0.46148258124618724,3.1274351766191706,1.292288037457395,1
5.939999999999961,12.864839733941954,-0.46854758175343064,3.1274681202994015,1.2817261152140607,1
5.959999999999961,12.85990779704306,-0.47154038872670284,3.1274841803935276,1.2772348246156966,1
5.9799999999999605,12.859112381491006,-0.47202122260357166,3.127487029397431,1.2765106725157966,1
5.99999999999996,12.859265839550579,-0.47204677204666007,3.1274949530591347,1.2766468414194856,1
6.01999999999996,12.8603139576245,-0.47222042924669616,3.127549140629493,1.2775769519835454,1
6.039999999999959,12.863081815511036,-0.4726756193302543,3.1276923817306272,1.2800340052361723,1
6.059999999999959,12.868320845325853,-0.47353018771096966,3.127963765538059,1.2846881394642515,1
6.079999999999958,12.876710998606674,-0.4748870724342167,3.128398780648839,1.2921508814222866,1
6.099999999999958,12.888867223806894,-0.4768364818401174,3.1290288135964905,1.3029837855703814,1
6.1199999999999575,12.9053540554726,-0.479460856928121,3.1298796905203936,1.3177146883086575,1
6.139999999999957,12.92667392724383,-0.48283062713650593,3.130973989453241,1.3368278674758973,1
6.159999999999957,12.953264833696311,-0.4870033098569605,3.1323317567812445,1.3607623791569436,1
6.179999999999956,12.985502426287882,-0.49202417117084357,3.1339705584529853,1.3825530515006856,1
6.199999999999956,13.023696056136167,-0.497923788551136,3.1359058428067703,1.3472400769083248,1
6.219999999999955,13.06807516901811,-0.5047108884166404,3.138151834196793,1.307079794782925,1
6.239999999999955,13.118813637551963,-0.5123847192742526,3.1407204960838797,1.2620817141506098,1
6.2599999999999545,13.176038048370556,-0.5209388492908218,3.143621265469764,1.2121806968875777,1
6.279999999999954,13.239829296402794,-0.5303614807884356,3.146861123004333,1.1575620490369936,1
6.299999999999954,13.310224025412513,-0.5406348886708328,3.15044466888285,1.0986103249938204,1
6.319999999999953,13.387216254222478,-0.5517337157760747,3.1543741881989056,1.035907399086006,1
6.339999999999953,13.470760336226473,-0.5636289042524407,3.1586496764009917,0.9702998400803355,1
6.359999999999952,13.560772917165089,-0.5762888754361359,3.163268922222684,0.9029996252759088,1
6.379999999999952,13.657134620416764,-0.5896796728176846,3.1682276032045826,0.8357317041838618,1
6.3999999999999515,13.755342346255269,-0.6037411606107507,3.173318965336239,0.773792717728178,1
6.419999999999951,13.836808730598273,-0.6184268455724845,3.1776905952050565,0.7301109394021391,1
6.439999999999951,13.887098331388174,-0.6339293331618485,3.1806897040343576,0.7101962753897894,1
6.45999999999995,13.899702770860713,-0.6506443311855986,3.1820346640152124,0.7133217018681992,1
6.47999999999995,13.874555671419795,-0.6690782014703047,3.1817430447369377,0.7379710799312595,1
6.499999999999949,13.819788844489107,-0.6893555953785924,3.1801824052797496,0.781371628936055,1
6.519999999999949,13.756045468806771,-0.7102960235001831,3.1782087534279415,0.8327111765277792,1
6.5399999999999485,13.699678975401266,-0.7311213287861665,3.1765056078091924,0.881260284012722,1
6.559999999999948,13.659742004314834,-0.751759990579725,3.1754670266104603,0.9199202418590882,1
6.579999999999948,13.639339922534171,-0.7726543021632433,3.1752490219016285,0.9459653679772796,1
6.599999999999947,13.635583578369245,-0.7941320331735626,3.175751904531592,0.9612799214221389,1
6.619999999999947,13.63876358924511,-0.8152198573913371,3.1765574404783807,0.971803829007094,1
6.639999999999946,13.640629145712024,-0.8353061834555054,3.1773160096307858,0.9826319728678676,1
6.659999999999946,13.635922519265161,-0.8544656678635649,3.1778182815112963,0.9971920180431842,1
6.6799999999999455,13.621916223652153,-0.8732702045311556,3.177970792120192,1.0176329440444818,1
6.699999999999945,13.599086965056031,-0.8922844362993593,3.177802191149397,1.0441312953924653,1
6.719999999999945,13.572732199255723,-0.9111451489905535,3.1774889519342517,1.0730328897006502,1
6.739999999999944,13.547165415101999,-0.929714525305943,3.177181225824801,1.101388501249007,1
6.759999999999944,13.524623327068866,-0.948302254125618,3.17697016000924,1.1278705292164692,1
6.779999999999943,13.505686786890204,-0.9675206590417216,3.176898085778545,1.1524644883423814,1
6.799999999999943,13.489701695196384,-0.9881398268916176,3.1769687067911043,1.1761308899416207,1
6.8199999999999426,13.475199913150895,-1.0109427362910586,3.177157287337342,1.2004281412138946,1
6.839999999999942,13.460320174086977,-1.0365803861673535,3.1774208406043543,1.2271098749905043,1
6.859999999999942,13.443228995144239,-1.0654269242925358,3.1777083169405316,1.257714484383514,1
6.879999999999941,13.422541588905293,-1.0974347758165304,3.177970792120192,1.2931604340123084,1
6.899999999999941,13.397736239660595,-1.131993094246699,3.17817153157877,1.3333591123768636,1
6.91999999999994,13.369398760007156,-1.1678725960331382,3.178292829882604,1.3770133178132473,1
6.93999999999994,13.339035612910072,-1.2033896766147556,3.178334664255771,1.421869143927385,1
6.95999999999994,13.308717114097925,-1.2366569100710993,3.1783101233415194,1.4651418645921692,1
6.979999999999939,13.280714099086387,-1.2658368712205645,3.1782407119342646,1.5039455712630097,1
6.999999999999939,13.257134590201844,-1.2893959577186012,3.1781516557115785,1.5357230355420626,1
7.019999999999938,13.239560463604995,-1.3063582121559187,3.1780672059661876,1.5586779298295175,1
7.039999999999938,13.228684116314488,-1.3165591441566944,3.178005944337963,1.5722099621337757,1
7.059999999999937,13.223945133230513,-1.3208995524767795,3.177976087545916,1.5773524336132458,1
7.079999999999937,13.223166954158431,-1.3215993471019045,3.177970792120192,1.577211355150485,1
7.099999999999937,13.223166954158431,-1.3215993471019045,3.177970792120192,1.5761145487233648,1
7.119999999999936,13.223166954158431,-1.3215993471019045,3.177970792120192,1.5751069050760598,1
7.139999999999936,13.223166954158431,-1.3215993471019045,3.177970792120192,1.5741884949922211,1
7.159999999999935,13.223166954158431,-1.3215993471019045,3.177970792120192,1.5733593708186446,1
7.179999999999935,13.223166954158431,-1.3215993471019045,3.177970792120192,1.5726195664503486,1
7.1999999999999345,13.223166954158431,-1.3215993471019045,3.177970792120192,1.5719690973309426,1
7.219999999999934,13.223335093197532,-1.3216050409960436,3.177994351050255,1.5712904510748096,1
7.239999999999934,13.224482312602152,-1.3216443532841304,3.178155162408121,1.5700142922643736,1
7.259999999999933,13.227508230901678,-1.3217483999017192,3.178579374671672,1.5675032829621458,1
7.279999999999933,13.233228456894224,-1.3219453958687801,3.1793813598194305,1.5631767146829845,1
7.299999999999932,13.242377218952477,-1.3222607457958182,3.1806640816621745,1.5565152021762354,1
7.319999999999932,13.255609994329552,-1.3227171343899906,3.182519464174552,1.5470664059787154,1
7.3399999999999315,13.27350613846485,-1.3233346169612272,3.185028759826696,1.5344514868757302,1
7.359999999999931,13.296571514289875,-1.3241307099283477,3.1882629179158415,1.5183722301700264,1
7.379999999999931,13.325241121534125,-1.3251204813251813,3.1922829528979393,1.498618982471013,1
7.39999999999993,13.359868544668103,-1.3263166729566196,3.1971405019339865,1.4750891939473252,1
7.41999999999993,13.400694321795195,-1.3277299770532511,3.2028791227190707,1.4478968150450768,1
7.439999999999929,13.447896844895004,-1.32936917726606,3.2095346697503464,1.4172780666217204,1
7.459999999999929,13.50160839451713,-1.3312412004302867,3.217135442174803,1.3835454782369994,1
7.4799999999999285,13.561916614462296,-1.3333511756062761,3.2257024239814474,1.3471601408563831,1
7.499999999999928,13.62886552036936,-1.3357019476694618,3.2352474260971142,1.3087551950667924,1
7.519999999999928,13.702456204798871,-1.3382926240924182,3.2457675251005087,1.269161774516359,1
7.539999999999927,13.782650820536695,-1.3411204841281448,3.257252445361131,1.2294383976672993,1
7.559999999999927,13.869374699950047,-1.3441816072016242,3.2696869893671208,1.1908993763527234,1
7.579999999999926,13.96251785220499,-1.3474709244521332,3.2830512451137777,1.1551339686071291,1
7.599999999999926,14.061940582488914,-1.3509835483794146,3.2973263422084265,1.1240040838457197,1
7.6199999999999255,14.167487188101022,-1.3547184162096526,3.312510236505954,1.0996065467322298,1
7.639999999999925,14.278974900446908,-1.3586740968226056,3.3285994636704035,1.0841742179413563,1
7.659999999999925,14.396191436523418,-1.3628475332298098,3.34558366341182,1.0799023397097418,1
7.679999999999924,14.518896725670759,-1.3672341253397793,3.36344592665389,1.0861470865005498,1
7.699999999999924,14.646834139272274,-1.3718283832598623,3.3821660040063115,1.0941818290410523,1
7.719999999999923,14.77976024062509,-1.3766256635970744,3.4017288877433263,1.1031352035143185,1
7.739999999999923,14.91741708071473,-1.3816204378068204,3.4221159643522294,1.1130182965272861,1
7.7599999999999225,15.059524148342582,-1.3868057874193778,3.4433024135972703,1.1238355706329046,1
7.779999999999922,15.205779936619232,-1.392173484190916,3.46525755618921,1.1355844520612413,1
7.799999999999922,15.355830713824579,-1.3977802826514951,3.487801172499411,1.1514715116758674,1
7.819999999999921,15.50918164608353,-1.4039265499286846,3.51021194699261,1.1853619091882168,1
7.839999999999921,15.665309383934025,-1.410924643337625,3.5317302581316863,1.2381998310652444,1
7.85999999999992,15.823695734985227,-1.4190321638059216,3.5517126727237525,1.3083442369478435,1
7.87999999999992,15.983826414369936,-1.4284566755514359,3.569632369183047,1.3935552945775243,1
7.8999999999999195,16.145189795197016,-1.4393604257600765,3.5850795607938233,1.3349064856728454,1
7.919999999999919,16.30727565900383,-1.4518650642635886,3.597761918973243,1.2290834537249709,1
7.939999999999919,16.469573946223402,-1.4660563632067751,3.607504996489912,1.1365207885066113,1
7.959999999999918,16.631573633452646,-1.4819888458755195,3.6142522695398966,1.060911041058711,1
7.979999999999918,16.792763501538218,-1.4996890609589766,3.618059496344172,1.0059968305778333,1
7.999999999999917,16.952636220015183,-1.5191564810045248,3.6190791073493336,0.9748759557217523,1
8.019999999999918,17.11069332218518,-1.5403637628260922,3.617541918316415,0.9564753199357975,1
8.039999999999917,17.26645019775335,-1.563256995333514,3.613738790630939,0.9377241398932642,1
8.059999999999917,17.419441085465298,-1.587755947361888,3.608002291612962,0.9209535389908698,1
8.079999999999917,17.56922406574402,-1.6137543155009315,3.6006883548271214,0.9246288664070733,1
8.099999999999916,17.71557237177004,-1.6410683391125862,3.592176746039094,0.951124493266971,1
8.119999999999916,17.858999191305028,-1.6693035689829705,3.582902837688241,0.9976008918229994,1
8.139999999999915,18.000134374682485,-1.6980468099248445,3.5732807543586538,1.0608185662199818,1
8.159999999999915,18.13953158382489,-1.72692190513272,3.563683508107187,1.1376326943193482,1
8.179999999999914,18.277671454732378,-1.7555884565380462,3.5544445075719775,1.2253129429574439,1
8.199999999999914,18.41498645416227,-1.7837702513477198,3.5458194992213556,1.3216627009057524,1
8.219999999999914,18.551927159198886,-1.8113347069808963,3.537879754314372,1.2691437540656396,1
8.239999999999913,18.688896834224398,-1.8381884220283944,3.5306497224868485,1.1540084615193817,1
8.259999999999913,18.826232274136785,-1.864245440085505,3.5241491701327443,1.0459706332234926,1
8.279999999999912,18.96420682609443,-1.8894273892156337,3.5183930748342758,0.9473181642978279,1
8.299999999999912,19.103049892749237,-1.913690733469116,3.5134165324922124,0.8613627206564854,1
8.319999999999911,19.24299553157146,-1.9370963495664448,3.509335382890553,0.7760721596034791,1
8.339999999999911,19.384229558144195,-1.9597091029740148,3.50624817959546,0.6734155729599445,1
8.35999999999991,19.52687573839073,-1.9815712697680496,3.5042120354365047,0.5886070647733743,1
8.37999999999991,19.670999461574493,-2.002706222616082,3.5032472964028853,0.5313599777896749,1
8.39999999999991,19.81661822105775,-2.023139749467672,3.5033191317252457,0.5122467217039828,1
8.41999999999991,19.963732265533054,-2.0429459188285057,3.504290315193157,0.5288123727101599,1
8.439999999999909,20.112317918148364,-2.0621800797393792,3.506021754876632,0.5483288928430925,1
8.459999999999908,20.262323121193138,-2.080864283300361,3.5083966239991677,0.5672374260971513,1
8.479999999999908,20.413667994051867,-2.098993124400374,3.5113166489879837,0.5855324831183952,1
8.499999999999908,20.566283714855217,-2.1165075597995058,3.5146621704384393,0.6031549390068744,1
8.519999999999907,20.720228742309942,-2.1332193650111977,3.5182050354593892,0.6239311839325992,1
8.539999999999907,20.8755747992605,-2.1489358315034033,3.521754140853787,0.6761763086965168,1
8.559999999999906,21.03236755817032,-2.16349514731302,3.525186509527657,0.759195093090506,1
8.579999999999906,21.190625386474828,-2.1767657584743882,3.528435409997995,0.8648302659959729,1
8.599999999999905,21.350352295833872,-2.188661837430684,3.53147623602575,0.986460333689612,1
8.619999999999905,21.511576633967604,-2.1991850326206572,3.53430044713182,1.11951189327132,1
8.639999999999905,21.674304034920464,-2.208364998669802,3.5369026204360905,1.26095450795596,1
8.659999999999904,21.838504420209087,-2.216240897615912,3.5392800635740325,1.4087687950252559,1
8.679999999999904,22.004114034699718,-2.222860476103431,3.541432637757838,1.5615724607496388,1
8.699999999999903,22.171059388567848,-2.228290458629613,3.543365276138561,1.7184033927587485,1
8.719999999999903,22.33932280140925,-2.2326448864617143,3.545094890652505,1.757087701903582,1
8.739999999999903,22.508874787713502,-2.2360425576431155,3.5466404330113015,1.8104031514927779,1
8.759999999999902,22.679653497706113,-2.23859469788986,3.5480199356239637,1.84176831830146,1
8.779999999999902,22.851566609594716,-2.240405176060936,3.549250506964712,1.8602878805735203,1
8.799999999999901,23.024516490698122,-2.2415667276011324,3.5503488170250534,1.8787116695750914,1
8.8199999999999,23.198470009454326,-2.242150980297698,3.551332521208969,1.8970555669672442,1
8.8399999999999,23.37338713615258,-2.242223595985828,3.552218665915981,1.9153351810046215,1
8.8599999999999,23.549198708635945,-2.241848553099439,3.5530230852002007,1.941898526164216,1
8.8799999999999,23.72580791829592,-2.2410879710476785,3.55376029277691,1.984506946485699,1
8.899999999999899,23.90311795604746,-2.2400049617128244,3.554441578395623,2.0423347172314026,1
8.919999999999899,24.081108410501212,-2.2386704296016666,3.555071730785797,2.107300336296749,1
8.939999999999898,24.25975227979752,-2.2371505304708874,3.555657707666974,2.0223409329263626,1
8.959999999999898,24.438990932120042,-2.2355037874619357,3.5562098431583804,1.9499270790163323,1
8.979999999999897,24.61873614583787,-2.2337818052429057,3.5567406506376806,1.8916685749616229,1
8.999999999999897,24.798900017615217,-2.2320301583342115,3.5572623442436044,1.8490461821328192,1
9.019999999999897,24.97947703824144,-2.2302894455993525,3.557782094741929,1.823257975530658,1
9.039999999999896,25.160456235334458,-2.2285949914433214,3.5583056682584155,1.8151239314872647,1
9.059999999999896,25.34179434967694,-2.2269769780848687,3.558838581045526,1.816634918687732,1
9.079999999999895,25.52341776611116,-2.2254607785034457,3.5593859510600634,1.8180976321663878,1
9.099999999999895,25.705252165250634,-2.224063962445628,3.559951974500464,1.8194888116684473,1
9.119999999999894,25.88730430820337,-2.222788031857031,3.5605386769930276,1.8208087191804707,1
9.139999999999894,26.06957502773568,-2.221630958477969,3.5611470414464668,1.8220594093610154,1
9.159999999999894,26.252032638232848,-2.2205907737547315,3.5617774685969166,1.8232425023863355,1
9.179999999999893,26.434614895055017,-2.2196654640993496,3.562429868316753,1.8243593223502106,1
9.199999999999893,26.61725753273708,-2.2188396839654905,3.563111769812155,1.8254260502085813,1
9.219999999999892,26.7999735802606,-2.2180488890466763,3.563861387361058,1.826515452609686,1
9.239999999999892,26.982771177258783,-2.217225126630117,3.5647216670886137,1.8277060572619352,1
9.259999999999891,27.165627851565553,-2.216310480052969,3.5657318904844484,1.8290666801935118,1
9.279999999999891,27.34849194403576,-2.2152563543727277,3.5669275569288015,1.8306568483506613,1
9.29999999999989,27.53131210276218,-2.2140236479503224,3.568337930864206,1.8325249529142826,1
9.31999999999989,27.714119218514398,-2.212584074891701,3.5699794296994707,1.834702661642388,1
9.33999999999989,27.896937413319346,-2.210915856463723,3.5718634793926864,1.8331056299319972,1
9.35999999999989,28.079756983860456,-2.2090022826477758,3.573999012131604,1.6690827723767856,1
9.379999999999889,28.262536365633206,-2.206831331534015,3.5763925087960544,1.5092881409201313,1
9.399999999999888,28.445231880027702,-2.2043940245045808,3.5790487277030394,1.355233649093298,1
9.419999999999888,28.627879718834567,-2.201680179207241,3.5819726682623267,1.2090447424385067,1
9.439999999999888,28.81050873970166,-2.1986817888676806,3.5851673543384317,1.0738903973379597,1
9.459999999999887,28.993113825463162,-2.1953940909867673,3.588633241819611,0.9544607203946011,1
9.479999999999887,29.175657859040527,-2.1918154009862554,3.592368351399172,0.8573552307430587,1
9.499999999999886,29.35810041380349,-2.187944239814139,3.5963699852812323,0.7908106462400012,1
9.519999999999886,29.54047703999274,-2.18377136104741,3.6006396377771592,0.7627886802431694,1
9.539999999999885,29.72281604838992,-2.1792882754866256,3.6051783655437415,0.7582310058100361,1
9.559999999999885,29.905112884030903,-2.174489926931818,3.609985224004376,0.7534326572552283,1
9.579999999999885,30.08733191477734,-2.169374587086448,3.61505727492394,0.7606089248562039,1
9.599999999999884,30.269442442932228,-2.1638821553252128,3.6204029774212474,0.8081476751688651,1
9.619999999999884,30.45151040674362,-2.157736362956955,3.626073916101555,0.8905405983522529,1
9.639999999999883,30.633577292288056,-2.150673288874642,3.632111579815275,0.9990268455873348,1
9.659999999999883,30.815628976623817,-2.1425020644426334,3.63853541144462,1.125973687741881,1
9.679999999999882,30.997602218126413,-2.13309681172202,3.645346534518611,1.26573100024785,1
9.699999999999882,31.179407770792796,-2.122295156802303,3.652545038260668,1.4143430604906757,1
9.719999999999882,31.36097340891734,-2.1096756201836766,3.6601648772576,1.569016888761884,1
9.739999999999881,31.54217986508886,-2.0949330580717116,3.6682219472858555,1.6254296326329043,1
9.75999999999988,31.722852978371353,-2.077955559652274,3.676705368519101,1.6319018104599496,1
9.77999999999988,31.90277609643473,-2.058790177365746,3.685584886444368,1.638747541949533,1
9.79999999999988,32.08177259600579,-2.0376652262397696,3.694812086233376,1.6460159859664647,1
9.81999999999988,32.25991471026638,-2.015086235638181,3.704312839430027,1.6537439674741365,1
9.839999999999879,32.43729720683001,-1.9915786920337544,3.7140159273527673,1.52414247965908,1
9.859999999999879,32.6139677610892,-1.9676207258387204,3.723859831511351,1.381128870377421,1
9.879999999999878,32.78993048672544,-1.9436439964579733,3.7337920309485937,1.2478176431852293,1
9.899999999999878,32.96517860657796,-1.919986750943384,3.743803839690525,1.1271015095895878,1
9.919999999999877,33.13978613476173,-1.8967633356787037,3.7540202691905282,1.0229225046801902,1
9.939999999999877,33.313823813560454,-1.8740297920146909,3.7645665646118753,0.9403172137179869,1
9.959999999999877,33.48733062304922,-1.8518356916812369,3.7755320773899226,0.8849111033889758,1
9.979999999999876,33.66031408722401,-1.8302251244752468,3.7869739090312757,0.8615581735777391,1
9.999999999999876,33.83275008009321,-1.8092865151830895,3.7989961120262197,0.8373828418095961,1
10.019999999999875,34.0045906577001,-1.7892860097556658,3.8119424423575707,0.7611515178952393,1
10.039999999999875,34.17578072586995,-1.7704969158789259,3.8261120163534983,0.7202796628177539,1
10.059999999999874,34.34625913108353,-1.7531474877441662,3.8416873357077925,0.7202763370636687,1
10.079999999999874,34.51595689103221,-1.7374210175476152,3.858747751270512,0.7373367526263883,1
10.099999999999874,34.68484440870839,-1.7234073308606574,3.8771971311483804,0.7557861325042565,1
10.119999999999873,34.853065152416164,-1.7109761560890295,3.8965609898963054,0.7856945297180404,1
10.139999999999873,35.020768656746036,-1.6999561548547737,3.9163222322287243,0.8482311976125589,1
10.159999999999872,35.18806079572341,-1.6901879210266264,3.936016005559338,0.9371313274228509,1
10.179999999999872,35.35500612011776,-1.6815235930769907,3.9552277216243272,1.0451993588740027,1
10.199999999999871,35.52162419607874,-1.6738715347277022,3.9736384699960134,1.0587139411411841,1
10.219999999999871,35.6878725825825,-1.667318961823018,3.9911527507669837,0.9314803446482408,1
10.23999999999987,35.85366510916911,-1.6619758028160463,4.007733178128259,0.8208955928191267,1
10.25999999999987,36.01888057002624,-1.6579278548127387,4.023349409860046,0.7340587700575385,1
10.27999999999987,36.18336579715338,-1.6552381428377143,4.037977659387142,0.6795258054023174,1
10.29999999999987,36.347014353517224,-1.6538521008243896,4.051562438320648,0.6644748284583692,1
10.319999999999869,36.50998914148054,-1.6533330659657033,4.063927672962498,0.6830191820208628,1
10.339999999999868,36.67248559048255,-1.6531909909138454,4.074929492920387,0.7036438843470008,1
10.359999999999868,36.83465684146712,-1.6529838454060517,4.084492078194081,0.7230237111660128,1
10.379999999999868,36.996616359449725,-1.6523170772212565,4.092599105198869,0.7411061648955207,1
10.399999999999867,37.158473533900626,-1.6508819610580139,4.099295983675429,0.7579298883001597,1
10.419999999999867,37.32043098047544,-1.6485658827698089,4.104701478344524,0.7841021528268174,1
10.439999999999866,37.482680018548045,-1.6453235617644177,4.108948734544395,0.8410722236732326,1
10.459999999999866,37.64536776737529,-1.6411333055908346,4.112169844596252,0.9241459873792037,1
10.479999999999865,37.808598221806726,-1.6359934621304901,4.114494620654525,1.0272286510181017,1
10.499999999999865,37.97244896171372,-1.6299222409307061,4.116052641824385,1.1452636879334814,1
10.519999999999865,38.1370190401842,-1.6229610839923037,4.116977815068783,1.2744718193919014,1
10.539999999999864,38.302383321946984,-1.6151569294188912,4.117391493563859,1.4121485338020077,1
10.559999999999864,38.46857857674889,-1.6065576625270093,4.117399561385666,1.5563711981525,1
10.579999999999863,38.63560526407029,-1.5972118998991818,4.117093937718374,1.7057554527823633,1
10.599999999999863,38.80345025644943,-1.5871791405516005,4.116551714264547,1.8592945580682738,1
10.619999999999862,38.97215018587257,-1.5765576199833293,4.1158328023428385,1.7868277307369387,1
10.639999999999862,39.14172807364061,-1.5654480255901266,4.114993152582449,1.6376439144810602,1
10.659999999999862,39.31217355839637,-1.5539428683994096,4.1140871975931494,1.492347025155153,1
10.679999999999861,39.483444360270354,-1.5421270172638164,4.113166999166192,1.3525140055595997,1
10.69999999999986,39.655490853102044,-1.5300712614539547,4.112278285159954,1.2203732026731127,1
10.71999999999986,39.82832420170069,-1.5178142192600859,4.111450479727664,1.0990383131503236,1
10.73999999999986,40.00194406973214,-1.5053874736481665,4.110706048627105,0.9928720635666063,1
10.75999999999986,40.17631675088628,-1.4928229759446034,4.110063850397524,0.9076599676138096,1
10.779999999999859,40.35137709394437,-1.4801528701221767,4.109539378473769,0.8501864226828313,1
10.799999999999859,40.527055602715016,-1.4674040913428672,4.109144315907842,0.8266808472677207,1
10.819999999999858,40.7033529606769,-1.4545833779469508,4.108884934784073,0.8352298311503299,1
10.839999999999858,40.880261308789635,-1.4416943099103166,4.108764737307733,0.848047202664719,1
10.859999999999857,41.05774025631377,-1.4287426243172785,4.1087853403444985,0.86091310335771,1
10.879999999999857,41.23571879732958,-1.4157360914472166,4.10894661244305,0.873820475881835,1
10.899999999999856,41.41412327694561,-1.4026763368619695,4.10924427728854,0.8867688482308873,1
10.919999999999856,41.5929543965099,-1.389536606252221,4.109663671151566,0.89978706857315,1
10.939999999999856,41.7722056301618,-1.3762892263706643,4.11018944263583,0.9129048961510914,1
10.959999999999855,41.95183833661808,-1.3629136974117635,4.110808159179944,0.9261446661398608,1
10.979999999999855,42.13178368627183,-1.3493962002610282,4.111508055265963,0.9395218081645392,1
10.999999999999854,42.31197097058388,-1.3357162249500718,4.112276360480674,0.9530584193294362,1
11.019999999999854,42.492405569699834,-1.3218110815931037,4.113092710467868,0.9668192122938714,1
11.039999999999853,42.673086290326005,-1.3076201752702314,4.1139377102498305,0.9808665902843399,1
11.059999999999853,42.85398012082188,-1.2930977978054172,4.114795204805829,0.9952477067009111,1
11.079999999999853,43.03502414448426,-1.2782121041915366,4.115651891939951,1.009995538835901,1
11.099999999999852,43.21615580615506,-1.2629654476167353,4.116500614411428,1.025108362404632,1
11.119999999999852,43.397396569243874,-1.247451733299278,4.11734839505246,1.0404919591941117,1
11.139999999999851,43.578762906946366,-1.2317814689304871,4.11820084984756,1.0560356699593425,1
11.159999999999851,43.760238909250695,-1.216058215479673,4.11905834416572,1.071636154095825,1
11.17999999999985,43.94177806580503,-1.2003778347557077,4.1199165282716015,1.0871980578540141,1
11.19999999999985,44.1233294167999,-1.1848320840232436,4.120759692787684,1.1026309108599708,1
11.21999999999985,44.304908728664266,-1.1695183962698243,4.121544083181723,1.1178405397692945,1
11.23999999999985,44.48652079195219,-1.1545225623323614,4.1222269635006255,1.1327439894443034,1
11.259999999999849,44.66813614840631,-1.139914831521668,4.12277420755405,1.0139262973531797,1
11.279999999999848,44.849693126472566,-1.1257510825863586,4.123159566891411,0.8983814420793015,1
11.299999999999848,45.03113207828816,-1.1120461491108968,4.123365396808302,0.8050527151223366,1
11.319999999999848,45.21249034171272,-1.0987019660374149,4.1233816680489355,0.7422504010480715,1
11.339999999999847,45.393801297765265,-1.0856094900340794,4.123193643761646,0.7179543265242795,1
11.359999999999847,45.575063417499884,-1.0726778450817493,4.122780402726038,0.7204091889039176,1
11.379999999999846,45.756242436794466,-1.0598328629042364,4.122116076667084,0.7231297847408844,1
11.399999999999846,45.93729070223542,-1.0469871571474365,4.121226656169944,0.7257179246582289,1
11.419999999999845,46.11819371809442,-1.0339615988389323,4.120332794672077,0.7284475689682901,1
11.439999999999845,46.298910090790216,-1.0205834977253905,4.119644022211053,0.7334577689351217,1
11.459999999999845,46.47935850484543,-1.0067149704713922,4.119305889174148,0.7696662864178548,1
11.479999999999844,46.65942385297974,-0.9922507211652349,4.119409371841067,0.8419277519163568,1
11.499999999999844,46.83896336620311,-0.9771158218247314,4.12000027792667,0.9417551952908835,1
11.519999999999843,47.01781274390895,-0.9612634929030113,4.121088652123698,0.9304770233455146,1
11.539999999999843,47.19579228392775,-0.9446728838010137,4.122658181592013,0.8270201952188688,1
11.559999999999842,47.372712841188715,-0.9273468823839133,4.1246753696926755,0.7535257494608301,1
11.579999999999842,47.548379456407666,-0.9093103187886928,4.127095559148501,0.7185167768661952,1
11.599999999999842,47.72267499702342,-0.8906282764194416,4.129828955292057,0.7253409918467775,1
11.619999999999841,47.895796660368525,-0.8714521172325681,4.132648296677314,0.7447123981100765,1
11.63999999999984,48.06798056387519,-0.8519409706717256,4.135314693898952,0.7643869503775617,1
11.65999999999984,48.23941650547952,-0.832240017977838,4.137614703333795,0.8003461658535864,1
11.67999999999984,48.410250198316255,-0.8124811603730777,4.139359405089402,0.8693649883676487,1
11.69999999999984,48.58060841494144,-0.7927732682173474,4.14038744492197,0.8221341177187738,1
11.719999999999839,48.75066694700231,-0.7731764809723293,4.140575440659436,0.792914515855917,1
11.739999999999839,48.9205789883408,-0.7537420033552878,4.1398241295353335,0.7902814679255541,1
11.759999999999838,49.090453990684935,-0.7345229694527369,4.138053230058164,0.7885105684483844,1
11.779999999999838,49.26036019458217,-0.7155735895218385,4.135200402853142,0.7875874210215474,1
11.799999999999837,49.43035020798437,-0.69696148959992,4.131205564677438,0.8134259602704654,1
11.819999999999837,49.6005302204233,-0.6787959802036139,4.12597016220581,0.8712502375711794,1
11.839999999999836,49.77098892638374,-0.6611714116032179,4.119407479864891,0.9553739005487498,1
11.859999999999836,49.94177605565067,-0.6441549170797696,4.11145723279273,1.0597015683601092,1
11.879999999999836,50.1129045484467,-0.6277901948795476,4.102084445507315,1.179039833254466,1
11.899999999999835,50.28437668634596,-0.6120895520783001,4.091295570958982,1.309460511569715,1
11.919999999999835,50.45625549166114,-0.5970087163825086,4.07918090425356,1.4482257346888585,1
11.939999999999834,50.628590330582036,-0.5824949547933028,4.065847915210566,1.5934108074960345,1
11.959999999999834,50.801394304401065,-0.56850034461658,4.051401897180393,1.7436301556680351,1
11.979999999999833,50.9746462484769,-0.5549815448237695,4.035945958404221,1.8978597568373656,1
11.999999999999833,51.14831725820898,-0.5418986878603123,4.019578029382373,2.055337644979396,1
12.019999999999833,51.322443584404844,-0.5292121935392806,4.0023825732781795,2.2155495184479035,1
12.039999999999832,51.49705030887744,-0.5168847201285066,3.9844406006950575,2.37810661157206,1
12.059999999999832,51.67212805185987,-0.5048819445347036,3.9658325956761207,2.349377783007351,1
12.079999999999831,51.8476348726736,-0.4931725536364906,3.946638278530944,2.2080049214605797,1
12.099999999999831,52.02352380683337,-0.48172444871335424,3.926935852969302,2.0712063630534048,1
12.11999999999983,52.199818671366195,-0.4704946537758237,3.9067993265419285,1.9400769864905767,1
12.13999999999983,52.376533824691634,-0.45944273112590533,3.886298468976246,1.815990608079957,1
12.15999999999983,52.553649736005944,-0.4485345149052584,3.8654993212163564,1.7006663234582318,1
12.17999999999983,52.73111494523206,-0.4377417191479628,3.8444644365097287,1.5961965953522779,1
12.199999999999829,52.90887438172562,-0.4270408818148116,3.823249215092578,1.5050200652434602,1
12.219999999999828,53.08694715476146,-0.4164105580432487,3.801891279071765,1.429809106821798,1
12.239999999999828,53.26534380389131,-0.40583230999893777,3.7804238195600903,1.3733294519467778,1
12.259999999999827,53.44404118730714,-0.3952911467574259,3.758879733839427,1.338104993578593,1
12.279999999999827,53.62298454558303,-0.38477542024877753,3.737291631105676,1.3188879810169831,1
12.299999999999827,53.80211658136468,-0.37427395068946195,3.715688623198173,1.3009976100035179,1
12.319999999999826,53.981457371913315,-0.36376903842556135,3.6940873416830806,1.2839434860488936,1
12.339999999999826,54.16101975946027,-0.3532468158252646,3.6725026458521977,1.2677495469065831,1
12.359999999999825,54.34078354176891,-0.34269952409640836,3.6509508144832328,1.2529278660546659,1
12.379999999999825,54.52069747537937,-0.33212462344264293,3.6294493483252777,1.2557221015534539,1
12.399999999999824,54.70069972536657,-0.3215225688827351,3.6080126963486534,1.2837335959830394,1
12.419999999999824,54.880772293960426,-0.3108918546358881,3.5866412279002504,1.3354089417427566,1
12.439999999999824,55.06088248591196,-0.30023237358578775,3.565335622070359,1.4081607571666528,1
12.459999999999823,55.2409655286294,-0.28954659790877996,3.544100908151171,1.498905674897448,1
12.479999999999823,55.42092635641821,-0.2788394806249938,3.52294607037828,1.6045305238502774,1
12.499999999999822,55.600651631084055,-0.2681179415176191,3.5018823006164794,1.7221895001073384,1
12.519999999999822,55.78003663889605,-0.2573896351851985,3.480919157128451,1.849447936948287,1
12.539999999999822,55.95894771040244,-0.24666422412039574,3.460069253727869,1.9842702906141167,1
12.559999999999821,56.13721477230324,-0.23595356841653625,3.439349285534711,2.1249667243840156,1
12.57999999999982,56.31463566125517,-0.22527146329177766,3.4187795457267827,2.2701314421723904,1
12.59999999999982,56.49098043767674,-0.2146333766132798,3.3983834422912573,2.4185834522992518,1
12.61999999999982,56.66599569955336,-0.20405618642137513,3.3781870147762083,2.569315015298304,1
12.63999999999982,56.83940889624228,-0.1935579184537391,3.3582184510421405,2.7212148568443157,1
12.659999999999819,57.010932642214385,-0.18315748367331472,3.338507604020804,2.873395310450191,1
12.679999999999819,57.18026895541829,-0.17287442026307728,3.319085517131554,3.0252391091496635,1
12.699999999999818,57.34711267845506,-0.16272868404711216,3.2999840435567926,3.176182461348167,1
12.719999999999818,57.51115376238597,-0.1527405063115752,3.2812355961507307,3.325704273182042,1
12.739999999999817,57.67207931387917,-0.14293026565009975,3.2628729245301007,3.4733182421073807,1
12.759999999999817,57.829575639604485,-0.13331835997227445,3.244928892480929,3.618567257463191,1
12.779999999999816,57.983330290628196,-0.12392507851212067,3.227436255365312,3.7610195378881963,1
12.799999999999816,58.13303410680784,-0.11477047383657003,3.210427437528185,3.9002660801359266,1
12.819999999999816,58.2783832611871,-0.10587423385394183,3.1939343097040993,4.035919103155509,1
12.839999999999815,58.4190813043905,-0.09725555382242088,3.1779879664239923,4.16761125192215,1
12.859999999999815,58.554841209018306,-0.08893300835853464,3.1626185034219625,4.2949953847951585,1
12.879999999999814,58.68538741404127,-0.0809244234456311,3.1478547950420412,4.417744811816398,1
12.899999999999814,58.81047770418161,-0.07324540249743991,3.133721888038151,4.535572731323908,2
12.919999999999813,58.92996158115945,-0.0659055999450179,3.1202343217732476,4.648286955397853,2
12.939999999999813,59.04370915886186,-0.05891372780837885,3.1074049301412554,4.7557218261665835,2
12.959999999999813,59.15157648764369,-0.052279529939197954,3.095248480697138,4.857704121268218,2
12.979999999999812,59.25340034041164,-0.0460138817826969,3.083781946238671,4.954047071991089,2
12.999999999999812,59.34900573233077,-0.04012829457218478,3.073023619726402,5.044556812593449,2
13.019999999999811,59.43821591024938,-0.034634304011804395,3.0629920048661186,5.129041423584713,2
13.03999999999981,59.52086236656092,-0.02954285781632672,3.0537047044715795,5.207320169812346,2
13.05999999999981,59.596794853065894,-0.024863703250945515,3.0451773088272347,5.279232861378763,2
13.07999999999981,59.6658913948338,-0.020604774671071788,3.037422284050951,5.344649298699397,2
13.09999999999981,59.72806830406506,-0.0167715810621284,3.0304478604567398,5.403478769869822,2
13.11999999999981,59.783290193952894,-0.013366593579344554,3.0242569209174794,5.455679573222651,2
13.139999999999809,59.83157999254531,-0.010388633087550309,3.0188458892276415,5.501268541164706,2
13.159999999999808,59.873028956606944,-0.007832257700971179,3.014203618466015,5.540330543584843,2
13.179999999999808,59.907806685481056,-0.005687150323022666,3.0103102793584324,5.573027950739351,2
13.199999999999807,59.93617113495139,-0.0039375061861046945,3.007136248640494,5.599610036969763,2
13.219999999999807,59.95847863110412,-0.002561420391396216,3.004640997420293,5.6204223083491724,2
13.239999999999807,59.9751938841898,-0.001530275448649851,3.0027719795411403,5.635915739935787,2
13.259999999999806,59.98690000248521,-0.0008081288159861866,3.001463519944291,5.6466559124163425,2
13.279999999999806,59.99430850615535,-0.00035110043968852866,3.0006357030316675,5.653332044380127,2
13.299999999999805,59.998269341115304,-0.00010676029399736553,3.0001932610285844,5.656765926266787,2
13.319999999999805,59.999780892892225,-1.351592090473308e-05,3.000024462346477,5.65792751571103,2
13.339999999999804,60.0,5.551115123125783e-17,3.0,5.657941768078271,2
13.359999999999804,60.0,5.551115123125783e-17,3.0,5.6578391026661174,2
13.379999999999804,60.0,5.551115123125783e-17,3.0,5.657829189716929,2
13.399999999999803,60.0,5.551115123125783e-17,3.0,5.657911389489576,3
